id_ev;sesgo;sexo;tamano;comentario
3_1;1;1;3;excelente profesora. todas sus clases siempre fueron muy didacticas. siempre con un material de apoyo que hiciera mas grata y didactica la clase
4_1;1;1;3;falta de organizacion pide informes y no los revisa cambiar profesora para las otras generaciones
5_1;1;1;1;docente poco cercana con los alumnos
6_1;1;1;3;siempre se preocupa de resolver las dudas sin embargo es demasiado cuadrada
8_1;1;1;2;no me gusto la forma en la que hacia clases la profesora
12_1;1;1;2;excelente docente en cuanto a conocimientos y valores
13_1;1;1;0;excelente porfesora
16_1;1;0;3;profesor se preocupa de ver en clases la mayor cantidad de contenidos con el tiempo y dedicacion que estos requieren
18_1;1;1;2;siempre busco la forma de mantener la atencion de sus alumnos
19_1;1;0;2;buen profesor pero un poco tacaño con los alumnos
20_1;1;1;2;profesora que promueve la conciencia en cada una de las alumnas
21_1;1;0;3;nada que decir un excelente profesor y muy buena disposicion y preocupacion con sus alumnos
27_1;1;0;0;dismimuir la dificultad
29_1;1;1;1;me encanto su ramo profe amor
32_1;1;1;3;sabe muchisimo y esta dispuesta a ayudar y responder nuestras dudas
34_1;1;1;3;realiza solo clases practicas para el desarrollo de una presentacion grupal y aun no entrega las notas
35_1;1;1;1;mas comprension y dedicacion
36_1;1;0;1;no cierra el semestre cuando corresponde
42_1;1;1;0;mas empatia
44_1;1;0;1;muy entretenido para realizar sus clases
45_1;1;0;3;hagan algo para explicar como desarrollar y controlen a los profesores encargados
48_1;1;1;3;muy buena disponibilidad y muy amable dentro y fuera de lo academico
49_1;1;0;1;acercarse mas a los estudiantes
50_1;1;1;2;no muestra mucha dedicacion hacia su profesion
51_1;1;0;3;su metodo de enseñanza es eficiente siempre y cuando no toque la pizarra
54_1;1;1;3;la docente crea ambiente para realizar consultas e intervenciones con confianza por parte de los estudiantes
57_1;1;0;3;profesor no expresa conocimiento alguno en la sala de clase. realiza una clase para el sin exteriorizar el conocimiento a los alumnos
58_1;1;1;0;concisa y eficaz
60_1;1;1;2;nunca tiene a tiempo las notas y se le pierde la lista
61_1;1;0;0;que no sea tan enojon
63_1;1;1;2;genera confianza y respeto entre los alumnos
67_1;1;1;0;no tan ruda
71_1;1;0;1;genera un grato ambiente academico
75_1;1;0;0;falta mas exigencia
76_1;1;1;0;no didactica
78_1;1;0;2;logra que los alumnos se comprometan con la materia
79_1;1;0;1;profesor muy empatico y comprometido
80_1;1;0;2;profesor estructurado y muy buen metodo de enseñanza
81_1;1;1;1;profesora que se expresa de manera clara
82_1;1;0;3;profesora con muy buen disposicion para responder dudas con respecto a los trabajos
83_1;1;0;3;al profesor como persona se nota que le gusta enseñar y tiene paciencia
85_1;1;1;2;buena profesora que tiene paciencia y compresion con los alumnos
87_1;1;1;2;debe dejar de estresarse tanto profe risa
88_1;1;1;3;docente se preocupa por promover un ambiente de participacion centrado en el aprendizaje
92_1;1;1;1;dedicada a sus estudiantes
93_1;1;1;0;modular mas
94_1;1;1;3;una profesora bastante cercana a los alumnos lo que genera confianza y apego
97_1;1;0;2;profesor dedicado y un profesional en lo que hace
98_1;1;1;1;sus clases no son claras
101_1;1;0;1;poca comunicacion con el curso
102_1;1;0;0;siempre atento
104_1;1;1;1;enseña de forma clara y didactica
107_1;1;0;1;profesor muy poco agradable
110_1;1;1;1;no fue mi profe pero se ve buena profe
111_1;1;1;3;excelente profesora explicaciones precisas y genera buen ambiente para el aprendizaje
112_1;1;1;1;docente con buena disposicion
113_1;1;1;1;enseña muy bien los contenidos
114_1;1;1;0;excelente pedagoga
115_1;1;1;0;olvidadiza
116_1;1;1;0;se enfermaba mucho
117_1;1;0;0;exelente pedagogo
118_1;1;1;2;fue una clase muy didactica y entretenida
119_1;1;0;2;profesor preocupado por que sus alumnos aprendan
121_1;1;1;0;tiene mucha paciencia
123_1;1;0;1;docente que no escucha a los alumnos
124_1;1;1;3;es una excelente profesora y con una unica disposicion para enseñar
127_1;1;0;1;muy buena su plan de trabajo
129_1;1;1;1;excelente disposicion para aclarar dudas
131_1;1;1;3;mejor organizacion en la hora de las clases. a veces pasaba que contando una historia se perdia el hilo de la clase. que no abuse de los power point. a veces pueden ser un buen material de apoyo
132_1;1;0;1;es la raja puro love para usted
133_1;1;1;3;profesora accesible y dispuesta a resolver dudas y ayudar en la realizacion de actividades correspondientes a la asignatura
134_1;1;1;2;una profesora muy exigente que te ayuda a mejorar
138_1;1;0;2;que no se dejara influenciar por los otros profes
140_1;1;1;0;clases fabulosas
142_1;1;1;0;amor de profesora
143_1;1;0;2;es un entendido en el tema de la economia
144_1;1;0;3;atiende muy bien todas las dudas y mantiene un clima agradable en todo momento
150_1;1;0;2;interesante la materia y explicada de buena manera
151_1;1;0;3;profesor que incentiva a sus alumnos al emprendimiento y al liderazgo
3_2;1;1;1;compartir mas sus conocimientos
4_2;1;1;3;profesora que motiva a sus alumnos a amar la carrera que estudiamos
5_2;1;1;1;falta programa mejor planificado
7_2;1;0;0;menos historias
8_2;1;0;1;tiene buena disposicion y paciencia
9_2;1;1;2;docente preocupada por el aprendizaje de las alumnas
10_2;1;0;3;siempre incentiva el estudio mediante casos reales que se han presentado a traves de su vida
11_2;1;0;1;excelente profesor y cercano
13_2;1;0;2;tiene buena disposicion frente a cualquier problematica
16_2;1;0;3;buen manejo de conocimiento y buenas estrategias para compartirlo con los estudiantes. personalmente me senti muy apoyada y comoda en clases
17_2;1;1;1;mas dinamismo en las clases
20_2;1;0;0;gracioso
21_2;1;0;0;el mejor de dibujo
22_2;1;0;0;domina la asignatura
24_2;1;1;2;muy buen aporte para mi carrera. sobretodo en el area de gestion
26_2;1;1;2;cada año mejor en su forma de enseñar a los estudiantes
27_2;1;0;3;docente que explica adecuadamente los contenidos de la asignatura
28_2;1;0;0;una adecuada enseñanza
30_2;1;1;1;promueve el respeto y la realidad actual
31_2;1;1;3;muy respetuosa con los distintos puntos de vista de los alumnos en clases
32_2;1;0;3;profesor tiene dominio del tema y explica bien los contenidos acorde a lo que es la carrera buen profesor
34_2;1;0;2;profesor con grandes conocimientos en literatura
35_2;1;1;0;muy responsables
37_2;1;0;1;muy motivadoreas sus clases
38_2;1;0;3;el profesor explica muy bien y sus en sus clases se entiende bien la materia que siga enseñando asi
44_2;1;0;2;el profesor siempre motiva a los alumnos al conocimiento
45_2;1;0;3;profesor super estricto pero su manejo de contenidos y su forma de enseñar es excelente
51_2;1;0;3;es practico para enseñar y explica detalladamente cuando lo a merita
54_2;1;1;2;profesora siempre dispuesta a brindar apoyo y resolver dudas
55_2;1;1;3;se llevaria a cabo un mejor aprendizaje si facilitara todas las clases
59_2;1;0;2;docente con gran conocimiento de sus contenidos enseñados
61_2;1;1;0;dedicada a su profesion
62_2;1;1;0;le falta mas motivacion
68_2;1;1;2;buena profesora pero deberia ser mas dedicada a sus clases
74_2;1;1;2;buena profesora y da la confianza para consultar las dudas
75_2;1;1;1;profesora dedicada a sus estudiantes
78_2;1;1;1;tiene mucha paciencia para enseñar
81_2;1;1;3;profesora comprometida con el alumnado y los contenidos a enseñar
82_2;1;0;1;profesor de calidad y con vocacion
88_2;1;1;3;la docente no se expresa de buena forma y las instrucciones son poco claras
92_2;1;1;3;debe ser mas selectiva al momento de confrontar a algun alumno que esta conversando durante la clase sin interrumpirla y solo trata de compartir la materia con algun compañero
94_2;1;0;1;supo sobrellevar al grupo y beneficiarle
95_2;1;0;0;buen entrenador
99_2;1;0;2;muy buen dominio de el area del urbanismo
100_2;1;0;2;clases practicas muy buenas explica claramente sin divagar mucho
104_2;1;1;2;siempre disponible y dispuesta a ayudar con tramites de practica
107_2;1;0;2;el profesor demuestra dominio y experiencia
111_2;1;0;0;bueno como investigador
115_2;1;1;1;muy amorosa y buena profesora
118_2;1;1;3;siempre se dedico a que todos comprendieran lo que se debia hacer
123_2;1;0;2;que su forma de llegar al estudiante no sea con tanto ego
130_2;1;1;1;gracias por su dedicacion
133_2;1;1;2;maneje bien sus tiempos y que siga una pauta
134_2;1;1;1;muy comprensiva y considerada
140_2;1;1;1;muy bonita profe excelente
143_2;1;0;2;es un buen profesor y se nota se esfuerza por sus alumnos
145_2;1;0;1;el mejor profesional de psicologia
146_2;1;0;0;excente profesor
147_2;1;0;2;he visto compañeras llorando por la poca solucion que el les da
149_2;1;1;1;preocupada por sus practicantes
151_2;1;0;3;no tiene tacto para decir las cosas pero si buenas intenciones con los estudiantes y disposicion para enseñar
3_3;1;0;0;un sujeto agradable
5_3;1;0;2;modular mas cuando habla. no se logra entender
6_3;1;0;2;buen dominio de la materia expuesta en clases
7_3;1;1;2;sugiero que las notas las entregue a la fecha estimada
8_3;1;1;1;presenta buen dominio de los temas
9_3;1;1;3;la forma de evaluacion no fue la mas adecuada y no se mostraron los reales conocimientos aprendidos durante el semestre
10_3;1;0;1;buen profesor atento con sus estudiantes
12_3;1;0;1;clase bien enfocadas y desarrolladas
13_3;1;1;2;siga con el gran trato que tiene con sus alumnos
14_3;1;0;1;falta dominio de la materia
16_3;1;0;1;genera un clima de confianza en la clase
17_3;1;1;3;profesora dedicada a su trabajo y a sus alumnos para entregar una buena base para la formacion de ellos
18_3;1;0;1;el mejor profesor del mundo
21_3;1;0;3;el profesor es un poco irresponsable en cuanto a la puntualidad y no cumple con los dias establecidos de clase
23_3;1;1;2;profesora dedicada que realiza clases didacticas
24_3;1;1;2;docente de una gran calidad humana y profesional
25_3;1;0;3;sus clases son muy dinamicas donde te genera motivacion hacia el ramo
28_3;1;0;1;no maneja los contenidos
29_3;1;0;3;uno de los mejores profesores que he tenido en mi etapa universitaria
31_3;1;0;2;me gustaria que las clases entregan un mayor conocimiento
32_3;1;0;3;el docente tiene buena disposicion al enseñar y reforzar contenidos
34_3;1;0;2;falta mas fiscalizacion a los alumnos en las evaluaciones
35_3;1;0;2;mostrar mas dominio de contenidos durante la clase
36_3;1;1;1;sus clases deberian ser mas didacticas
37_3;1;0;2;no ser tan sarcastico y tener un poco mas de empatia
38_3;1;0;2;a veces se enreda al explicar por lo que el alumno se confunde
39_3;1;0;2;deberia corregir un poco mas rapido para que todos alcancen
40_3;1;0;1;sea mas piola con los certemenes
41_3;1;0;2;mayor claridad en la explicaciones de los trabajos
42_3;1;0;2;muy energetico y apasionado por los contenidos
43_3;1;0;0;ser mas autodidacta
44_3;1;1;1;avanzar mas rapido con las clases
45_3;1;0;3;es necesario se actualice en el procedimiento de hacer las clases
46_3;1;0;1;buen docente debe seguir asi
48_3;1;0;2;explica muy bien y tiene mucho conocimiento de su asignatura
49_3;1;0;1;agradable y siempre dispuesto a ayudar
52_3;1;1;3;es bastante dinamica para hacer las clases y preocupada por la asignatura
53_3;1;0;3;como investigador o cientifico esta bien pero como docente la verdad deja mucho que desear
56_3;1;0;0;para nada empatico
58_3;1;0;3;buen profesor con gran conocimiento en su especialidad y con la mejor disposicion que he visto en un profesor
60_3;1;0;1;este semestre fue mas considerado
61_3;1;1;0;profesionalismo
62_3;1;0;2;se merece un lugar mas adecuado en la universidad
63_3;1;0;2;el profesor desarrollo habilidades blandas en sus alumnos
66_3;1;1;1;mejora al trato de sus alumnos
67_3;1;1;2;no tuve clases donde la profesora impartiera contenidos
68_3;1;0;1;haga las clases con mas animo
69_3;1;0;3;excelente profesor solo le falta ser mas responsable con la entrega de notas
70_3;1;0;1;explique mejor las ideas
71_3;1;1;0;no motiva
72_3;1;1;1;trae distintas dinamicas
73_3;1;0;0;mejorar las didacticas
74_3;1;1;3;deberia escribir menos en los pawerpoint que utiliza hacer las clases mas didacticas
75_3;1;1;3;siempre muy atenta con todos y dedicada en las actividades para reunirnos y compartieramos. creaba momentos donde cada persona podia abrirse un poco mas
77_3;1;1;2;es una buenisima profesora pero se tiene que dar a respetar mas
78_3;1;0;2;sus clases tenian buen contenido y harto trabajo practico
79_3;1;1;1;adecuar idioma y enseñanza
80_3;1;1;3;buena disposicion cuando se realizan consultas respecto a informacion sobre proyecto de titulo
81_3;1;0;3;tiene un nivel de exigencia que considero adecuado para permitir desarrollo de la disciplina
82_3;1;0;1;posee una buena disposicion
84_3;1;0;0;bien explicado
86_3;1;0;2;excelente asignatura y profesor? motiva y es amigable!
88_3;1;0;3;excelente docente muy motivador con los estudiantes y preocupado de su aprendizaje
89_3;1;0;1;preparar las clases y mas animo
90_3;1;0;0;atento y cercano
91_3;1;1;1;seguir con las clases teoricas
94_3;1;0;2;deberian aprender otros profesores de el !
95_3;1;0;0;ternura
97_3;1;0;2;interesante sus clases y muy buena explicacion de ella
99_3;1;1;3;gran conocimiento sobre los contenidos pero deberia buscar nuevos metodos de aprendizaje
103_3;1;1;1;mayor desplante y mas comentarios
104_3;1;1;3;aunque sea la unica doctora de la facultad no la convierte en educada
107_3;1;0;2;fue muy estricto al dejar ncr a un alto porcentaje del curso
108_3;1;1;2;profesora empatica con la situacion de cada estudiante
110_3;1;1;0;que no se enrede tanto
113_3;1;0;1;comprensivo y participativo
114_3;1;1;1;debe omitir dar juicios de valor
116_3;1;1;2;se sugiere que trate a todos los estudiantes por igual
117_3;1;1;2;sugerencia: mantener las notas al dia en cualquier plataforma
118_3;1;0;1;toma tiempo de ayudar en todas las dudas
120_3;1;0;1;gracias por el buen trabajo
121_3;1;1;1;muy buena docente empatica y comprensiva
124_3;1;1;3;docente con gran capacidad para adaptarse a los cambios. muy respetuosa comprensiva y paciente
125_3;1;0;2;falta mas comunicacion y estar mas presente con sus alumnos
128_3;1;0;3;un profesor que integra su experiencia personal dentro del futuro campo laboral del estudiante. creando reales expectativas entorno a ello
129_3;1;0;2;muy buen profesor ya que explica con claridad
130_3;1;0;0;mas objetivo
131_3;1;1;3;hace que participen todos en la clase ya que interactua en todo momento a traves de ejemplos y preguntas
134_3;1;0;2;me gusto mucho su carisma y metodo de enseñanza
135_3;1;1;3;encuentro que es una docente muy capacitada para ejecutar su profesion
137_3;1;0;3;maneja los contenidos de manera perfecta logrando que el estudiante logre aprender en forma optima
138_3;1;0;1;profesor con mala actitud
139_3;1;1;1;buena docente con conocimientos claros
140_3;1;0;0;medio picaflor
144_3;1;0;3;esta muy anciano y no responde las preguntas realizadas por el alumno
146_3;1;1;2;clase didactica y que llama la atencion del alumno
148_3;1;1;2;profesora con los conocimientos apropiados
150_3;1;0;3;se encarga de explicar bien y de que los estudiantes comprendan la materia
5_4;1;0;0;mucha risa
16_4;1;0;3;buen profe! falta potenciar mas la participacion de mujeres en clases
18_4;1;1;2;capacidad de conocimientos adecuados a la asignatura
19_4;1;0;1;buen profesor muy aplicado
22_4;1;1;1;se nota que disfruta lo que hace
29_4;1;1;2;no es mala profe pero explica como las weas
31_4;1;0;0;es muy activo
37_4;1;0;2;gran disponibilidad para enseñar a cada alumno en particular
38_4;1;1;3;es una profesora magnifica se nota que le gusta enseñar y es muy didactica
42_4;1;0;3;no tener una actitud tan arrogante al momento de dirigirse a sus estudiantes
44_4;1;0;1;profesor con mucha falta de coordinacion
45_4;1;0;1;desordenado e imputual en las clases
47_4;1;0;2;muy buena disposicion y amabilidad siempre
62_4;1;1;3;deberia mejorar su forme de expresarse y comunicarse con la comunidad educativa
64_4;1;0;3;el profesor es claro y pragmatico al momento de pasar la materia y realizar su clase
65_4;1;1;1;aprenda a admitir sus errores
70_4;1;1;3;no entiendo como una docente con los desequilibrios que esta presenta
73_4;1;1;2;apoye a los que esten interesados en trabajar
82_4;1;1;1;que siga mejorando siempre
86_4;1;1;3;demuestra conocimientos de la asignatura sin embargo al enseñar solo con ppts cuesta mas entender
94_4;1;1;1;gestior mejor las salas de clases
95_4;1;0;1;profesor entusiasmado y alegre
97_4;1;1;1;sea mas seria en la clase
106_4;1;1;1;buena profe aunque algo desordenada
123_4;1;1;1;la clase es muy aburrida
132_4;1;1;1;sus clases son desorganizadas
145_4;1;0;1;gran y divertido profesor
2_6;1;0;3;profesor motivador que genera interes en alumnos y da las herramientas para volverse un estudiante bien informado
9_6;1;0;3;profesor que domina el contenido de manera correcta y lo enseÃ±a de forma didactica con el objetivo que los alumnos entiendan la materia
15_6;1;0;1;falta mas seriedad en sus clases
20_6;1;1;0;profesora competente
26_6;1;1;0;muy buena docenta
28_6;1;1;1;excelente relacion con los alumnos
30_6;1;0;2;atento y paciente con las dudas de los alumnos
32_6;1;0;3;profesor con amplia vision empresarial y economica. hace un excelente trabajo acercandonos a la industria
34_6;1;1;2;muy buena disposicion y atencion hacia sus alumnos
37_6;1;0;0;profesor entretenido
38_6;1;1;3;tiene gran motivacion para expresar el desarrrollo sustentable que necesita el pais y el mundo
39_6;1;1;0;profesora incompetente
42_6;1;0;0;demasiado cuadrado
45_6;1;0;3;excelente dominio de contenido y profesor guia. explicaciones sencillas
46_6;1;1;1;profesora comprensiva y clara
47_6;1;0;0;muy buenas ideas
48_6;1;0;1;muy didactico para realizar sus clases
51_6;1;1;1;que trate de participar mas en clases
52_6;1;1;2;podria entregar mas a tiempo las calificaciones
53_6;1;0;3;mucho lenguaje tecnico y exceso de uso de diapositivas en power point
54_6;1;1;2;se sugiere mas compromiso con la asignatura
55_6;1;0;3;sus clases son entretenidas pero el certamen nos perjudico a muchos
57_6;1;0;3;no da solucion a problemas de gran relevancia a la docencia y practica rural
60_6;1;0;2;buen docente con experiencia y manejo del area
61_6;1;0;0;directo en la materia
2_1;2;1;3;docente demuestra poco dominio de contenidos. exige material de alto valor mometario y no explica como utilizarlo
7_1;2;1;2;como sugerencia: deberia hacer las clases mas pausada
9_1;2;0;1;explica muy bien sus clases
10_1;2;0;0;arribista
11_1;2;0;0;reforzar mas
14_1;2;0;1;la clase y la enseñanza esta bien
15_1;2;0;2;poder subir las notas a intranet antes de tener otra prueba
17_1;2;0;1;sus clases son reflexivas
22_1;2;1;1;excelente al momento de explicar
23_1;2;1;3;demuestra manejo de los conocimientos facilitando el aprendizaje de estos
24_1;2;0;3;el profesor maneja muy bien los contenidos en clases. esto lo demuestra en el aula explicando de manera clara y dando ejemplos para todos los contenidos
25_1;2;0;0;buen profesor 10/10
26_1;2;0;1;muy acelerado con sus ideas
28_1;2;0;1;su forma de explicar es poco clara
30_1;2;0;2;manejo de contenidos y buena iniciativa para/con sus alumnos
31_1;2;0;2;un ramo de mucha ayuda y con buenos ejercicios
33_1;2;1;1;estuvimos muy poco tiempo con ella
37_1;2;1;0;muy bien taller
38_1;2;1;2;profesora hace evaluaciones en cada clase
39_1;2;0;0;muy buena clase 10/10
40_1;2;1;0;poco claro
41_1;2;0;3;cuando tenga q hacer leer en un certamen lleve el texto no lo suba adecca
43_1;2;1;3;investigacion deberia tener mas tiempo como asignatura de pregrado
46_1;2;0;1;grandes oportunidades de conversacion
47_1;2;1;1;maneja muy bien su catedra
52_1;2;0;3;el profesor logro que pese a que no me entusiasmase mucho en un principio la asignatura
53_1;2;0;2;es buen profe y enseña de forma interactiva
55_1;2;0;3;dar una introduccion de lo que se vera en laboratorio y al final de estos dar la explicacion de los casos vistos
56_1;2;0;3;como sugerencia seria bueno que entregara algun programa de la asignatura
59_1;2;1;1;se demora en enviar notas
62_1;2;0;2;muy buen docente y sus clases son muy dinamicas
64_1;2;0;2;no logra captar la atencion de los alumnos en clase
65_1;2;0;2;realizacion de ejercicios con la misma complejidad del certamen
66_1;2;0;3;se demora mucho tiempo para entregar y/o publicar las calificaciones
68_1;2;0;2;excelente docente y buen dominio de su asignatura
69_1;2;1;2;hacer mas ejercicios y desarrollarlo en conjunto con la clase
70_1;2;0;1;falta demaciado a clases
72_1;2;0;2;explicar mas a fondo ciertos temas que manda a buscar en google
73_1;2;1;1;conocimientos sobre el ramo
74_1;2;0;2;un muy buen profesor para enseñar en forma teorica y practica
77_1;2;1;2;demuestra dominio de los temas planteados
84_1;2;1;3;explicar que en las evaluaciones existira materia adicional a la explicada en clases
86_1;2;0;2;mejorar disposicion y ayuda a los alumnos
89_1;2;1;0;docencia limitada
90_1;2;0;3;no ser tan minucioso con las preguntas en los certamenes ya que es mucha materia que se contempla
91_1;2;0;2;no recibe opinion o sugerencia dentro de la clase
95_1;2;0;3;no se le comprendia mucho en las clases debido a su manera de hablar. pray for eshonsito
96_1;2;1;3;mantener una congruencia sobre las cosas enseñadas por ambos profesores
99_1;2;1;3;debe ser mas puntual a la hora de llegada para aprovechar mejro la clase
100_1;2;0;3;sugiero que los ejerecicios realizados en clase se asemejen a los de los certamenes y examenes
103_1;2;0;1;muy buena la ejecucion del curso
105_1;2;1;0;certamenes muy largos
106_1;2;0;1;hace que sea todo mas facil
108_1;2;0;1;mejorar tema de las ayudantias
109_1;2;0;3;mejor preparacion en su material y clases para que este acorde con el nivel de exigencia en sus evaluaciones
120_1;2;0;3;no realiza retroalimentacion tras las malas calificaciones del primer certamen
122_1;2;1;3;los laboratorios cursados fueron muy distintos pero con un mejor enfoque a la practica pedagogica de la enseñanza de la evolucion ademas de replicable en los diversos establecimientos educacionales
125_1;2;1;0;mas material de apoyo
126_1;2;0;1;prepare mejor las clases
128_1;2;0;3;se podria modificar el horario para los que cursen el ramo los semestres posteriores
130_1;2;1;0;es excelente docente
135_1;2;0;1;que las clases sean mas dinamicas
136_1;2;0;0;falta conveniencia
137_1;2;0;3;el curso debiese tener mas organizacion en cuanto a horarios de reuniones. se hace corta la hora. el profesor falto a varias reuniones
139_1;2;0;3;por favor por favor entregue las evaluaciones en las fechas establecidad
141_1;2;0;1;explica muy rapido falta pedagogia
145_1;2;0;1;coordinarse mas con las otras secciones
146_1;2;0;1;que califique los conocimientos
147_1;2;0;2;es uno de los mejores profesores que he tenido en la universidad
148_1;2;0;2;falta enseñar mas los ejercicios hechos a mano
149_1;2;0;2;aprender mejor la materia y no leer el mismo dia el contenido
2_2;2;0;1;profesor claro para plantear ideas
6_2;2;1;0;cambiar la plataforma
12_2;2;1;2;no tuve clases con ella ya que no pude dar el ramo
14_2;2;0;0;buen motivador
15_2;2;0;0;habla mu rapido
18_2;2;0;3;falto que se entrega el material online por si le pasa algo al material entregado en clases
19_2;2;0;3;falta pedagogia para saber transmitir conocimientos. no se le entiende en clase
23_2;2;0;0;no es ningun aporte
25_2;2;0;2;me gustaria que las clases comenzaran a la hora indicada
29_2;2;0;2;se podrian hacer mas proyectos en ramos de sus continuidad
33_2;2;0;1;nunca fue profesor de esta asignatura
36_2;2;0;2;mejorar caligrafia ya que en varias ocasiones no se entendia
39_2;2;0;2;habeses anda medio perdido le cuesta conectarse en la clase
40_2;2;0;2;la asignatura deberia ser impartida por un solo docente
41_2;2;0;2;comprensivo y atento para resolver las dudas
42_2;2;0;1;buen ambiente de tranajo
43_2;2;0;0;buenos bailes
46_2;2;0;2;explica de manera simple y facil de aprender
47_2;2;1;1;clases muy entretenidas y completas
48_2;2;0;3;la evaluacion debe ajustarse mas a lo realizado en los laboratorios
49_2;2;0;1;objetivos de la clase mas claros
50_2;2;0;1;repite siempre lo mismo en clases
52_2;2;0;2;que le enseñe a los estudiantes a usar lenguaje tecnico
53_2;2;1;2;se muestra dominio de todos los contenidos
56_2;2;0;1;muy poco didacticas sus clases
57_2;2;0;1;disponibilidad para corregir
58_2;2;0;1;que sea mas ordenando porfavor
60_2;2;0;2;es de gran utilidad los ejercicios resueltos que entrega
63_2;2;0;2;eche para afuera a los que hablan en clases
64_2;2;0;1;buena expliacion me gusta su metodologia
65_2;2;0;1;poca disposicion para enseñar
66_2;2;1;0;nuy buena profesora
67_2;2;0;1;mejorar el ritmo de la clase
69_2;2;0;3;deberia ajustarse a los plazos de entrega de notas de acuerdo con el reglamento
70_2;2;0;2;explicaciones buenas para que todos los comprenda
71_2;2;1;3;la profesora utilizo metodologias practicas para el aprendizaje de los contenidos de didactica y especialmente evaluacion. nos enseño a usar los planes y programas
72_2;2;0;2;al realizar los certamenes estan con una mayor complejidad
73_2;2;1;1;buen conocimiento de los tema
76_2;2;1;1;muy buena profesora explica muy biem
77_2;2;1;1;su metodo de enseñanza se entiende
79_2;2;0;0;fome la clase
80_2;2;0;1;muy simpatico y comprensivo
83_2;2;0;0;todo ok con el profe
84_2;2;1;0;clase poco didactica
85_2;2;1;1;buena profesora dinamica y explicativa
86_2;2;0;2;solo que sea mas didactico y no tan monologo
87_2;2;1;1;la profesora habla muy despacio
89_2;2;1;2;docente que no cumple con los horarios de clases establecidos
90_2;2;0;3;el docente deberia realizar las clases mas activas no con tantas palabras en sus presentaciones
91_2;2;1;0;entendida en el tema
93_2;2;1;1;sus clases son dinamicas
96_2;2;1;3;me gustaria que sus clases fueran mas didacticas ya que llega un punto en que se hacen aburridas al ser un horario tan extenso
97_2;2;0;2;falto material de apoyo para entender mejor los conceptos
98_2;2;0;3;nada mas que agregar me gusto mucho la forma de enseñar que tiene
101_2;2;0;1;deberia pensar antes de hablar
102_2;2;0;2;quede bastante disconforme con el ultimo trabajo realizado
103_2;2;0;2;explica bien los contenidos de laboratorio y es cooperativo
105_2;2;0;1;retroaliementa ante los errores
106_2;2;1;1;nunca se pudo revisar su certamen
108_2;2;0;1;entrega de un mejor contenido teorico
109_2;2;0;3;quizas hay muchos contenidos para el tiempo disponible de estudio
110_2;2;0;3;a veces profundiza mucho en sus ejemplos y se desvia de la materia
112_2;2;0;2;hacer guia en clases de los pasos para tramites de una empresa
113_2;2;0;0;buenas herramientas
114_2;2;1;0;confianza con el alumno
116_2;2;0;3;excelente clima que se produce en la clase para una mayor participacion del estudiante
117_2;2;0;2;no da instancia para que uno se sienta comodo en su clase
119_2;2;0;3;profesor con buena entrega de contenido y metodos para resolver dudas en las actividades o trabajos
120_2;2;0;1;me gusta mucho su asignatura
121_2;2;0;2;se dedica a leer las diapositiva y luego las intenta explicar
122_2;2;0;3;mas claridad en el criterio de evaluacion y en programa semestral
124_2;2;0;3;cuando habla o pregunta algo muchas veces no se le entiende y hay que volver a preguntarle que dijo
125_2;2;0;1;revisar su metodo de evaluaciones
126_2;2;1;1;mezcla la tecnologia con el ingles
127_2;2;0;3;debe ser mas proactivo en la realizacion del taller y en la organizacion de este
128_2;2;0;2;muy claro al enseñar los contenidos y con buena dispocision
129_2;2;0;2;abierto y disponible para resolver cualquier duda o consulta
131_2;2;1;2;excelente profesora y tambien excelente metodo de enseñanza
132_2;2;0;0;bue. profe
135_2;2;0;1;cercano con los estudiantes
136_2;2;0;3;mejorar disposicion en las consultas y en el ultimo mes se iba antes de que terminara su horario de consulta
137_2;2;1;1;bibliografia complementaria
138_2;2;0;2;falta un poco mas de empatia con los alumnos
139_2;2;1;3;no responde los correos y es incomunicable con situaciones de notas
141_2;2;0;3;traer preparada y estudiada la clase que va a impartir el dia siguiente
142_2;2;1;2;buena profesora que se da el tiempo de enseñar a cada alumno
144_2;2;0;2;profesor que tiene preferencias con algunos alumnos
148_2;2;1;3;docente sin las habilidades para ejercer el ramo de neurolingüistica
150_2;2;0;2;ejercititar con mas casos de ejemplo para cada materia
2_3;2;1;1;gracias por lo enseñado profesora
4_3;2;0;1;no hay problema con el profesor
11_3;2;0;2;me encanto la clase una lastima no poder realizar el soneto 3d
15_3;2;0;1;que no de tanta tarea para la casa
19_3;2;0;1;mayor especificacion de conceptod
20_3;2;1;1;su experiencia practica en el area
22_3;2;0;3;la metodologia de evaluacion que se ocupa no tiene fin pedagogico
26_3;2;0;3;no esta mucho es clases y lo otro la organizacion con los tutores ya que hubieron unos problemas en las ultimas clases con una entrega de trabajo
27_3;2;0;3;lo unico que recomendaria al profesor es que si pudiese entregar los certamenes a tiempo
30_3;2;0;3;daberian ocupar mas materiales reciclables para no gastar tanto dinero
33_3;2;0;1;tipos de evaluaciones son muy diversas
47_3;2;1;2;la clase se realiza en buen ritmo y se permite lluvia de ideas
50_3;2;1;2;prrsentar idapositivas de forma mas pausada
51_3;2;1;0;se entiende bien
54_3;2;1;2;super buena profesora espero me haga algun otro ramo
55_3;2;0;3;explica los contenidos de la asignatura de una forma poco detallada
57_3;2;0;3;criterio de evaluacion muy desequilibrado en relacion a lo que se expone en clases. deberia haber un equilibrio en las evaluaciones desarrolladas
59_3;2;1;2;buena metodologia e instrumentos de evaluacion
64_3;2;0;2;no me gustaron las clases que hizo el richar en su reemplazo
65_3;2;0;2;deberia hacer sus clases y certamen en horarios que corresponden
76_3;2;0;3;mas enfasis en explicar el por que se hace cada paso o procedimiento pues es una materia confusa
83_3;2;0;1;nunca supo que nos quiso enseñar
85_3;2;0;1;excelente como profesor de arduino
87_3;2;0;1;muy mal metodo de enseñanza
92_3;2;0;0;excelente catedra
93_3;2;1;0;dificiles las pruebas
96_3;2;1;1;organizar mas salidas a terreno
98_3;2;1;2;continue siendo la excelente profesora que es
100_3;2;0;3;mejorar considerablemente su caligrafia y permitir explicar primero y luego dar tiempo a anotar en el cuaderno
101_3;2;0;0;que no escriba tanto
102_3;2;1;1;que haya una mayor asistencia a clases
105_3;2;0;3;clases bastante entretenidas aunque llegada la parte de graficos se volvia bastante tediosa la clase
106_3;2;0;3;deberia ir un poco mas lento con la materia y priorizar el entendimiento de esta durante su clase
109_3;2;0;0;buen docednte
111_3;2;1;2;enseño todo en un periodo corto de tiempo
112_3;2;1;2;integra de muy buena manera los contenidos que se nos presentan
115_3;2;0;2;falta mejorar la metodologia de las clases
119_3;2;1;1;muy buen uso de aprendizaje
122_3;2;0;3;buena metodo a la hora de enfrentarse al contenido. con una parte teorica y otra practica a traves de un proyecto que nos permite desarrollar y proponer sistemas constructivos capaces de responder a las necesidades constructivas de una vivienda
123_3;2;0;3;las calificaciones deberian ser informadas en los plazos establecidos reglamentariamente. las pautas de evaluacion deberian ser informadas en alguna de las clases previas a dicha evaluacion
126_3;2;1;1;como docente mas o menos
127_3;2;0;2;podria subir la asistencia periodicamente
132_3;2;1;0;solo siga enseñando
133_3;2;0;3;de ser posible reservar y utilizar el laboratorio para aplicar las herramientas de analisis en conjunto para luego interpretar los resultados
136_3;2;0;3;es el primer profesor que entrega las notas al par de dias de la evaluacion
141_3;2;1;1;comprendi los contenidos
142_3;2;1;2;docente muy comprometida en que sus alumnos aprendan
143_3;2;0;0;mejoro su docencia
145_3;2;1;2;que reserve las salas antes para no ir a puro wear
147_3;2;0;1;otras formas de evaluacion
149_3;2;0;1;entregue las notas segun corresponda
151_3;2;0;0;es un bu en profesor
2_4;2;0;3;deberia ocupar plumon tinta gruesa ya que el que ocupa apenas se veia
3_4;2;0;3;siempre tuvo la preocupacion de que cada estudiante pudiera aprender
4_4;2;0;1;evaluaciones menos sistematicas
6_4;2;0;2;buen profesor me gusta su metodo para enseñar
7_4;2;0;2;profesor con un vasto conocimiento en el area electrica
8_4;2;1;2;no hacer las clases de tanta lectura de power
9_4;2;0;1;se agradece el apoyo del docente
10_4;2;1;1;las clases muy didacticas. entretenidas
11_4;2;0;2;creo que es necesario que este mas en las clases
12_4;2;1;1;ojala que siga el proximo semestre
13_4;2;0;2;profesor con mucho dominio en el tema que enseña
14_4;2;0;2;faltan clases de pedagogia para el docente
15_4;2;0;3;profesor relaciona contenidos con fenomenos de la vida cotidiana haciendo mas comprensible el contenido
17_4;2;0;3;buena disposicion y entrega los conocimientos requeridos cuando se le consulta
20_4;2;0;2;un excelente docente y taller de karate. felicitaciones
21_4;2;0;2;buen profesor con amplia experiencia cercano a los alumnos
23_4;2;0;2;falta un poco mas de didactica en la exposicion de contenidos
24_4;2;0;1;buen dominio de lo que explica
25_4;2;0;1;no tuve seminario con este profe
26_4;2;0;0;de mas tareas que test
27_4;2;0;2;muy buen profesor y dinamico para hacer sus clases
28_4;2;0;0;explicar graficamente
30_4;2;1;2;excelente profesora explica muy bien y resuelve dudas
32_4;2;0;2;entrega los conocimientos de manera dinamica
33_4;2;0;1;avisar si evaluara cosas especificas
34_4;2;1;0;excelente proferosora
35_4;2;1;2;me gusta su forma de enseñar y explicar la materia
36_4;2;0;1;motiva a sus estudiantes a descubrir
39_4;2;0;1;si bien conoce bastante en su area
40_4;2;0;2;atiende bien las dudas y temas que se van a realizar
41_4;2;0;2;hacer retroalimentacion para evitar vacios entre evaluaciones
43_4;2;1;2;podrian existir mas clases de retroalimentacion
46_4;2;0;3;al realizar cambios de evaluciones deberia avisar antes de la fecha pactada
48_4;2;0;3;es muy impuntual a la hora de entregar las notas y es poco comprensible
49_4;2;0;2;lamentablemente por trabajo no pude asistir al curso. ademas
50_4;2;0;1;profesor que domina el ramo
51_4;2;1;2;demuestra mucho dominio de los contenidos
52_4;2;1;3;resolver los certamenes junto a los alumnos para una retroalimentacion
53_4;2;0;3;es menester mencionar o sugerir que deberia de entregar a los y las estudiantes los examenes que realizan para saber que mejorar y que no volver a estudiar
54_4;2;1;1;profesora muy dinamica y dedicada
55_4;2;1;1;buena metodologia de trabajo
56_4;2;1;2;hay contenidos que no tienen buena redaccion
57_4;2;0;3;es un buen profesor sus metodos de enseñar son efectivos y siempre responde nuestras dudas
58_4;2;0;2;me gustaria que aumentara el grado de dificultad del ramo
59_4;2;0;0;muy buena onda
60_4;2;1;0;que sea mas responsable
61_4;2;0;3;usar el nombre mas simple para recordar los tipos de articulaciones o algunas patologias podria facilitar el aprendizaje
63_4;2;0;1;puede enseñar de mejor manera
66_4;2;0;3;cambiar metodos de evaluacion para que realmente evaluen lo enseñado
67_4;2;0;3;que sus preguntas sean de acuerdo a lo aprendido o de material entregado
68_4;2;0;1;mas uso del ingles en la sala de clases
69_4;2;0;2;respeto a las presentaciones de sus alumnos
71_4;2;1;0;realizar mas test
72_4;2;0;2;atiende dudas y explica nuevamente la materia
74_4;2;0;1;un poco mas de dinamismo as sus clases
75_4;2;1;1;profesora comprometida y responsable
76_4;2;1;3;busca y tiene presente distintos metodos de aprendizaje para enseñar y evaluar
77_4;2;1;0;solo tuvimos una clase
78_4;2;0;0;que le vaya bien
79_4;2;0;1;explica muy bien y con paciencia
80_4;2;1;3;explicar con mas detalle cuando se explica una herramienta o una tecnologia nueva
81_4;2;0;3;mi sugerencia seria mas claridad de normas en sala desde el dia uno. con participacion tanto suya como de las alumnas en las tomas de aquellas
83_4;2;0;1;mejorar comunicacion entre secciones
84_4;2;0;2;las clases no eran suficientes para construir conocimientos
85_4;2;0;1;clases agradables e interesantes
87_4;2;0;2;buen docente solo falta resolucion de pruebas
88_4;2;0;3;tratar de comprender mas a los estudiantes cuando le quieren expresar algo en los examenes escritos
89_4;2;1;3;profesora que domina los temas que enseña y comprometida con su quehacer profesional
90_4;2;0;2;las puntualidad en las fechas de entrega de calificaciones
91_4;2;0;3;que las evaluaciones a medida que van entregando las notas las vallan subiendo a la plataforma estudiantil por algo la crearon .suben todas las notas al final del semestre
92_4;2;0;3;tratar de ser mas dinamico en clases para que haya un mayor interes en asistir a ellas
93_4;2;0;2;excelente docente y conocimiento en el area
96_4;2;0;2;explica muy bien sus contenidos buen profesor
98_4;2;0;2;el profesor siempre muy paciente y claro al explica
99_4;2;0;1;el profesor domina los temas
100_4;2;1;1;me encanto su metodo de evaluacion
101_4;2;0;3;falta una mayor claridad y un trabajo mas metodico en la sala de clases
102_4;2;1;2;explica muy claro los objetivos del ramo a cumplir y las fechas
103_4;2;1;3;falta dinamismo y a veces explicaciones claras que puedan ser entendidas por todos
104_4;2;0;1;mejorar la entonacion de la voz
105_4;2;1;2;excelente docente y manejo y dominio de sus topicos
107_4;2;0;1;las clases pudieron ser mas interactivas
108_4;2;0;1;domina los contenidos correspondientes
109_4;2;0;3;entregar la rubrica antes de la evaluacion y tener las notas a tiempo
110_4;2;1;1;que mantenga su forma de enseñar
111_4;2;1;3;destacar solamente que me parece muy atractivo su estilo y metodo para realizar las clases y su buena disposicion con los estudiantes
112_4;2;1;1;nada que decir sobre la profe
113_4;2;0;1;muy buenas y practicas clases
114_4;2;1;1;buena profesora y muy amable
115_4;2;1;3;sus clases son didacticas y salen de lo comun de la tipica clase teorica
116_4;2;0;2;profesor muy comprometido con sus alumnos
117_4;2;0;3;excelete desarrollo de las clases. promeve la autonomia del estudiante en general y dentro del taller
118_4;2;1;2;gracias por enseñar hacer un informe decente
119_4;2;1;3;deberia considerar las diferencias de sus alumnos al momento de definir los tiempos para responder las evaluaciones
120_4;2;0;2;una de las materias que mas disfrute durante el segundo semestre
121_4;2;0;2;un poco menos de carga en trabajos a la seccion online
122_4;2;0;2;una mejora en la explicacion de los contenidos
124_4;2;0;2;el profesor siempre atento de sus alumnos
125_4;2;0;3;trata de entregar la informacion de variadas maneras para un mejor aprendizaje
126_4;2;0;2;es un profesor con bastante experiencia en la asignatura
127_4;2;0;1;un poco mas didactica sus clases
128_4;2;0;3;crea un ambiente agradable en la clase y maneja bien los contenidos
129_4;2;0;1;hacer mas clases en horario de atencion
130_4;2;0;1;exelente dominio de contenido
131_4;2;0;2;el profesor demuestra muy buen manejo de contenidos
133_4;2;0;2;aveces hace sus clases un poquito monotonas
134_4;2;0;1;clases bastante entretenidas
135_4;2;0;2;explica con peras y manzanas. no obstante
136_4;2;0;2;buen profesor aplica lo enseñado en clases
137_4;2;0;3;producto de la gran cantidad de estudiantes en la sala no se daba un ambiente en el que todos pudiesemos participar y consular lo no entendido
138_4;2;0;1;agregar nuevos metodos de aprendizaje
139_4;2;1;2;es un buen taller para informarse sobre el mundo laboral
140_4;2;0;0;buen profesof
141_4;2;1;1;muy buena disposicion para aclarar dudas
142_4;2;0;3;si va a hacer algun test y usted dice que se parece a la guia porfavor que se parezca a la guia
143_4;2;1;2;solo puedo decir que me encantan sus clases
144_4;2;0;3;hacer mas preguntas en la clase para que esta sea mas participativa
146_4;2;1;1;docente muy especializada en su area
147_4;2;0;3;es un buen profesor. es muy didactico y utiliza distintos metodos de enseñanza
148_4;2;0;1;puntualidad en el inicio de la clase
149_4;2;1;1;la mejor jefa de asignatura
150_4;2;0;1;hace muy extensos los certamenes
151_4;2;1;1;responsable y con buena disposicion
3_6;2;0;3;un profesor que te entrega la motivacion necesaria para aprender sobre el ramo
4_6;2;0;3;profesor cercano a los alumnos y bastante carismatico. tiene algunos problemas de dominio de los contenidos que enseÃ±a
5_6;2;0;1;un poco de simpatia risa intensa
6_6;2;1;0;asisti a pocas clases
7_6;2;0;0;clases de alta calidad
8_6;2;0;2;docente de practicas con gran cantidad de conocimientos
10_6;2;0;3;mejorar materias de apoyo y cambiar modalidad de hacer las clases
11_6;2;0;2;siempre estuvo dispuesto a darme oportunidades
12_6;2;1;2;muchas gracias por haberla conocido profesora
13_6;2;0;1;asignatura muy necesaria para la carrera
14_6;2;1;0;al menos para mi
16_6;2;1;2;los modulos analizados eran muy practicos y faciles de entender
17_6;2;0;1;falta de dominio en el ramo
18_6;2;0;3;respecto a la bibliografia basica. el mismo nos entrego los documentos que requeriamos para efectos de evaluacion e investigacion propia de la asignatura
19_6;2;0;3;debe respaldar sus clases con videos explicativos ya que no se alcanza a apreciar su clase desde el final de la sala
21_6;2;1;0;muy entusiasta
22_6;2;1;0;clases super planas
23_6;2;1;3;una gran profesora ya que domina y sabe mucho contenido util en las clases
24_6;2;0;1;despreocupado por sus alumnos
25_6;2;0;0;explique mas ejercicios
27_6;2;1;0;docente explicativa
29_6;2;0;2;fue quien mejor se adapto a los problemas del acontecer nacional
31_6;2;0;2;inconsecuencia con la evaluacion vs lo que explica
33_6;2;0;2;genera un ambiente muy incomodo dentro del aula
35_6;2;1;0;es super buena profe
36_6;2;0;1;buena dedicacion al explicar
40_6;2;0;0;buen profesor encargado
41_6;2;0;3;docente que entrega notas de evaluaciones en fechas muy posteriores a las reglamentarias
43_6;2;0;3;me confunde en algunas cosas en cuanto a conocimientos que habia adquirido anteriormente por otros profesores
44_6;2;0;1;mejorar pronunciacion de ingles
49_6;2;0;1;para revisar los certamenes
50_6;2;0;2;profesor muy preocupado del aprendizaje mas que de las notas
56_6;2;1;2;mas puntualidad con las notas de las evaluaciones
58_6;2;0;0;bacan!
59_6;2;1;3;las clases deberian enfocarse un poco mas en el area gramatical y no simple en la realizacion de una guia
;;;;
;;;;
;;;;
;;;;
;;;;
;;;;
;;;;
;;;;
;;;;
;;;;
;;;;
;;;;
;;;;
;;;;
;;;;
;;;;
;;;;
;;;;
;;;;
;;;;
;;;;
;;;;
;;;;
;;;;
;;;;
;;;;
;;;;
;;;;
;;;;
;;;;
;;;;
;;;;
;;;;
;;;;
;;;;
;;;;
;;;;
;;;;
;;;;
;;;;
;;;;
;;;;
;;;;
;;;;
;;;;
;;;;
;;;;
;;;;
;;;;
;;;;
;;;;
;;;;
;;;;
;;;;
;;;;
;;;;
;;;;
;;;;
;;;;
;;;;
;;;;
;;;;
;;;;
;;;;
;;;;
;;;;
;;;;
;;;;
;;;;
;;;;
;;;;
;;;;
;;;;
;;;;
;;;;
;;;;
;;;;
;;;;
;;;;
;;;;
;;;;
;;;;
;;;;
;;;;
;;;;
;;;;
;;;;
;;;;
;;;;
;;;;
2_7;2;0;2;mas ejercicios complejos realizados en clases
3_7;2;0;0;mejor profeeeeee
4_7;1;1;1;accesible a conversar con estudiantes
5_7;2;1;1;domina muy buen los contenidos
6_7;2;1;2;sus clases son una herramienta para no solo ser profesores
7_7;1;1;2;docente comprometida y con muy buena disposicion
8_7;2;0;1;muy buena atencion personalizada
9_7;2;0;2;deberian existir mas profesionales como don patricio
10_7;2;0;0;nada mas agregar
11_7;1;0;3;debe ser mas estricto con sus alumnos. centrarlos. si van a clases es a estudiar o que si no
12_7;2;0;1;debo decir que aprendi mucho con el
13_7;2;0;2;se nota el compromiso y el manejo de los temas
14_7;2;0;1;mas tiempo para las tareas
15_7;2;1;1;poco dominio de la asignatura
16_7;2;0;1;falta mayor compromiso del profesor
17_7;2;0;1;ser mas comprensivo con los alumnos
18_7;2;1;1;buena profe le pondria 10 estrellas
19_7;2;0;2;falta enforcar mas el ramo a construccion
20_7;2;0;1;exelente docente y persona
21_7;2;0;2;debe explicar mejor sus esquemas y contenidos
22_7;2;0;2;responde a las preguntas de manera coherente
23_7;2;1;0;clases super didacticas
24_7;2;0;2;maneja mucho su area de trabajo y dispuesto a eseÃ±ar
25_7;1;1;3;muy interactiva busca lo mejor para las habilidades de cada estudiante
26_7;2;1;3;podrian realizarse en clases mas simulaciones entre pares para aplicar la materia
27_7;2;1;2;espero continue en este semestre impartiendo ingles a icm
28_7;1;1;0;un sol
29_7;2;1;2;deberia promover mas la participacion en clases
30_7;2;1;2;sabe mucho la profesora pero a veces son muy parejas sus clases
31_7;2;1;3;demuestra dominio de los contenidos de la disciplina que enseÃ±a. en ocasiones ante alguna duda de las estudiantes
32_7;2;0;3;docente con mucho manejo del contenido y experiencia. un poco acelerado para hacer las clases
33_7;1;0;3;siempre mantuvo el control y atencion de todas en sus clases ademas de enseÃ±ar bien
34_7;1;1;2;no pesca mucho cuando comentas algo en la clase
35_7;2;0;0;sorpresa
36_7;2;0;2;falta un poco de ejercicios para preparacion del certamen
37_7;2;0;2;debe actualizar sus contenidos y el metodos de enseÃ±anza
38_7;2;0;3;falta mas claridad en la entrega de las evaluaciones y la retroalimentacion
39_7;1;0;2;el profesor es muy intimidante en sus clases
40_7;2;0;1;deberia recuperar las clases perdidas
41_7;2;0;3;es el mejor profesor que he tenido hasta la hora. domina el ramo a la perfeccion
42_7;2;0;1;entrega de notas de manera oportuna
43_7;2;0;0;buen dominio contenido
44_7;2;0;3;el profesor alvaro es un gran docente. gracias a el aprendi a tener mas confianza en mis conocimientos
45_7;2;1;3;no utilizar lenguaje muy tecnico para lograr una mejor comprension de lo que desea entregar
46_7;2;0;1;docente que demuestra sus conocimientos
47_7;2;0;2;solo realizo una clase en esta asignatura
48_7;2;1;3;buena profesora aunque espera mucho de los alumnos aunque la calidad y cantidad que se enseÃ±a es bastante menor a la que cree
49_7;1;1;2;proporciona un ambiente de confianza y respeto en clase
50_7;2;1;3;promueve la participacion de estudiantes mediante la tecnologia disponible y relaciona los contenidos vistos a problemas electricos y/o hipoteticos
51_7;2;1;3;buena profesora pero necesitamos guias para reforzar lo visto en clases
52_7;2;0;3;aunque no me fue muy bien sus clases fueron claras y aprendi mucho siga asi nomas
53_7;2;0;2;subir las notas a intranet antes del fin de semestre
54_7;2;1;3;ojala siga asi de interactivo el programa. cuidar el tiempo que dura la asignatura
55_7;2;0;3;una de mis clases preferidas. buen desarrollo y buena relacion entre profesor y alumno
56_7;2;0;1;buwn ingeniero y buen docente
57_7;2;1;1;es la mejor profesora del semestre
58_7;2;1;1;genera confianza en sus clases
59_7;2;0;2;asignatura muy interesante de la manera en la que lo enseÃ±a
60_7;2;0;1;se preocupa por cosas irrelevantes
61_7;2;0;0;clases mas practico
62_7;2;0;0;no profe
63_7;2;0;2;muy buen profesor preocupado de que todos aprendan
64_7;2;0;1;me gusta su metodo autodidacta
65_7;2;1;1;sabe mucho pero no es buena pedagoga
66_7;2;0;0;al limite
67_7;2;1;1;considero a modo personal
68_7;2;0;2;profesor con un dominio magistral de los conocimientos
69_7;2;1;2;la manera de ejecutar y evaluar la catedra
70_7;2;0;2;subir registro de notas a la plataforma ya sea intranet o adecca
71_7;2;0;3;muy mala metodologia de evaluacion para la cantidad de material a evaluar
72_7;1;1;2;es una profesora muy dedicada en lo que enseÃ±a a sus alumnos
73_7;2;0;2;la forma de evaluar los contenidos del curso fue muy buena
74_7;2;0;2;el docente es muy poco didactico para sus clases
75_7;1;1;1;mucha comprension para el estudiante
76_7;2;0;1;muy buen profesor y execelente persona
77_7;2;0;1;solo tuve una clase con el
78_7;2;0;1;profesor empatico y dedicado
79_7;2;0;0;que siga a si
80_7;2;1;1;debe mejorar su forma de enseÃ±ar
81_7;2;1;3;cambie de seccion medainte la inscripcion de ramos y debido a aesto la profesora le parecio pertinente dejarme solo en una asignatura planeadad para realizar todos los trabajos en grupos de 4
82_7;2;0;1;profe muestre las pautas para guiarse
83_7;2;0;0;videos
84_7;2;1;0;excelente peofecional
85_7;2;1;1;las clases eran organizabas y claras
86_7;2;0;2;lo considero uno de los mejores profesores
87_7;2;1;1;muy conforme con lo eprendido
88_7;2;0;3;docente demuestra tener dominio y manejo de actividades enseÃ±adas
89_7;2;0;2;compresion de los alumno de una buena forma
90_7;2;0;2;su metodologia nos ayudo a aprender bastante
91_7;2;1;0;no explica muy bien
92_7;2;0;3;por ser part-time es muy dificil encontrarlo a la hora de consultar dudas y entrega calificaciones fuera de plazo
93_7;2;0;1;importancia del trabajo practico
94_7;2;0;1;informar a alumnos ausencias via correo
95_7;1;0;0;regala las notas
96_7;2;1;3;la evaluacion es para el profesor de remplazo que practicamente el nos hizo la asignatura
97_7;1;1;2;la profesora se interesa en el aprendizaje de los alumnos
98_7;1;1;3;muchas gracias por siempre tener buena disposicion para atender dudas y procurar que todos puedan entender
99_7;2;0;2;mayor responsabilidad y otras maneras de explicar
100_7;2;0;2;el ser muy chistoso en sus clases no le es bueno
101_7;2;0;1;entregar mas confianza a sus alumnos
102_7;2;0;2;como comentario personal decir que fue un agrado
103_7;2;0;2;por lo menos tiene que dejar 2 certamanes
104_7;2;1;2;la profesora tiene entusiasmo en las clases
105_7;2;0;1;explica contenidos con claridad
106_7;2;0;1;no asumir que sabemos todo!
107_7;2;1;2;excelente docente motiva a interesarse en la asignatura
108_7;2;1;1;segunda vez que tomo un ramo con ella
109_7;2;0;3;profesor con un gran manejo del ramo y de todos los conocimientos nada que imparte
110_7;1;1;3;le juega en contra la autoridad que quiere imponer sobre los estudiantes
111_7;2;0;0;roma lo mas grande
112_7;2;1;2;una profesional muy derecha para realizar su trabajo
113_7;2;0;0;excelentes clase
114_7;2;0;0;mas proactivo
115_7;2;0;1;muy buen profesor de vocacion
116_7;2;1;3;debe mejorar un poco mas su espaÃ±ol ya que en algunos casos es dificil hacer preguntas ya que no entiende lo que le preguntamos
117_7;2;1;2;podria dar un tiempo mas prolongado para la entrega de trabajos
118_7;2;0;3;profesor deberia hacer mas clases de laboratorio para el proyecto semestral
119_7;2;0;3;profesor preocupado de hacer entender esta compleja materia al curso
120_7;2;0;1;subir un poco el timbre de la voz
121_7;2;1;2;todo bien excepto que nos falto tiempo al ultimo modulo
122_7;1;1;3;las clases fueron muy entretenidas y ademas con un grato ambiente de trabajo colaborativo y de apoyo para todos los compaÃ±eros
123_7;2;1;2;tiene un conocimiento completo de la materia que enseÃ±a
124_7;2;0;3;se recomienda que lo visto en clases tenga un poco de relacion con lo que se evaluara
125_7;2;1;1;no tengo clases con este docente
126_7;2;0;1;sin comentrios muy buen profesor
127_7;2;1;3;sus clases didacticas se aprendio pero si habian muchas cosas que no nos enseÃ±aron y que teniamos que verlo por nuestra propia cuenta o no supieron ordenar los contenidos
128_7;1;1;2;muy conocedora y amable respondiendo dudas
129_7;2;1;2;realiza y explica los ejercicios de manera clara y entendible
130_7;2;1;1;a veces se le sale lo clasista
131_7;1;1;2;muy buena profesora con gran manejo de contenido y muy amable
132_7;2;0;0;execlente profesor
133_7;2;0;2;mejorar flujo de informacion hacia los estudiantes
134_7;2;0;1;era algo dificil de entender a veces
135_7;2;1;1;buen manejo de contenidos
136_7;2;0;3;ser mas paciente y no olvidar que nosotros como estudiantes no tenemos sus conocimientos
137_7;1;1;1;es demasiado estricta a veces
138_7;2;1;2;explica de manera clara y entrega material de estudio
139_7;2;0;3;excelente profesor dispuesto a entregar todo el conocimiento que se requiere en el ramo
140_7;2;0;1;mas dominio de los ejercicios
141_7;2;0;3;todo el semestre haciendo actividades para que solo subiera 2 notas a intranet
142_7;2;0;2;un profesor responsable y muy comprensible
143_7;2;0;2;no cumple horarios de revision o consulta
144_7;2;1;2;interesante el metodo utilizado para desarrollar sus clases
145_7;2;1;1;aplica una economia basada en mi carrera
146_7;2;1;0;conoce mucho
147_7;2;0;2;gran capacidad para explicar casi con manzanitas !
148_7;2;1;3;la profesora especialmente no tiene concordancia en sus clases a demas de un trato bastante inferior y discriminador hacia los alumnos
149_7;2;0;1;deberia innovar en sus clases
150_7;2;0;2;es confuso ser evaluado por dos profesores
151_7;2;0;3;utilizar otros metodos de evaluacion. preguntar por la materia en general para que asi no pase solo el que se aprendio de memoria un ejercicio en concreto
2_8;2;0;2;uno de los profesores que cumple con el programa de asignatura
3_8;1;1;2;use mas recursos ademas de los power point
4_8;2;0;3;profesor no entrega notas del primer certamen aun despues de salir de vocaciones
5_8;1;0;0;hace leer mucho
6_8;2;1;3;por que nos hacen evaluar profesores con los que no tenemos clases
7_8;1;1;2;una profesora simpatica que te hace tener ganas de aprender
8_8;2;0;2;se enreda solo al momento de explicar los contenidos
9_8;2;0;0;lo felicito
10_8;1;1;3;excelente profesora me encanto que haya recibido el comentario que daba poco tiempo para el abp con mas tiempo se podia analizar mejor las preguntas
11_8;2;0;2;profesor con muy buena disposicion al aprendizaje
12_8;1;1;3;seria mejor si no escribiera en la pizarra y se apoyara solo en las diapositivas
13_8;1;1;2;cuando anda de buena explica super bien y todo pero cuando no
14_8;1;0;1;no tiene buena tecnicas de enseÃ±anza
15_8;2;0;3;mi sugerencia es abordar un poco mas la alimentacion de los deportistas
16_8;1;0;3;profesor muy bueno con cercania a los estudiantes y considerado ojala sea fuera jefe de carrera
17_8;2;0;3;como sugerencia pediria mas de dos evaluciones en el ramo del profesor
18_8;2;0;1;no hay interaccion presencial
19_8;1;1;1;poca empatia con los alumnos
20_8;1;1;1;buena profesora y muy simpatica
21_8;2;1;1;se olvida lo que le pregunto al instante
22_8;1;0;1;mejorar la impostacion de la voz
23_8;1;1;3;se agradece que la docente establezca una conexion con situaciones que se presentan en la vida cotidiana con la materia
24_8;2;0;1;evalua lo que enseÃ±a en clases
25_8;2;0;2;agregar laboratorios para trabajo practico
26_8;1;0;2;presenta un buen manejo de los temas enseÃ±ados
27_8;1;1;3;docente debe ser mas tolerante en todas las situaciones para con los estudiantes
28_8;1;1;2;menos diapositivas mas comentarios en la clase
29_8;2;0;2;buen profesor y buena persona con los estudiantes
30_8;2;0;1;continue haciendo sus clases asi
31_8;2;0;1;gran persona y profesional
32_8;2;1;1;utiliza variados metodos de evaluacion
33_8;1;1;1;la profesora se estresa facilmente
34_8;2;0;1;que resuelva mas ejercicios en clases
35_8;2;1;1;una asignatura interesante
36_8;1;0;1;buenas habilidades de enseÃ±anza
37_8;2;0;1;convalide mi laboratorio anterior
38_8;1;0;2;es claro y preciso a la hora de resolver consultas
39_8;2;1;2;se agradece el dominio total de la materia
40_8;2;0;1;la asistencia deberia ser obligatoria
41_8;1;1;2;fue una muy buena guia para los talleres realizados
42_8;2;0;1;mejorar la docencia en el ambito tecnico
43_8;2;1;0;responde todo muy bien
44_8;2;0;3;el profesor mella y briones son excelentes profesor con toda la disposicion del mundo para que el estudiante aprenda
45_8;2;1;3;a veces la encontre un poco fome pero la profesora lo hizo bien y creo que fue muy consciente de no hacerlo solo teorico
46_8;2;0;1;buena suerte profesor en su nueva etapa
47_8;2;1;1;son un agrado sus clases
48_8;1;0;3;muy buen profesor con excelente manejo en el area y una gran paciencia
49_8;2;0;3;es ilogico enviarnos casos para la casa sin haber pasado la materia primero. muy mala practica
50_8;1;1;2;profesora que realiza su trabajo con vocacion
51_8;1;0;0;mas responsabilidad
52_8;2;0;2;uno de los pocos profesores buenos en diseÃ±o grafico
53_8;2;0;1;mejorar trato hacia los alumnos
54_8;2;0;1;no me gusta su metodo de evaluacion
55_8;1;1;2;docente muy respetuosa con horarios de llegada
56_8;2;0;0;buen profesor de ingles
57_8;2;0;3;plazo limitado para las entregas y nula retroalimentacion que pueda ayudar a la asignatura
58_8;2;0;3;le sugiero que se de el tiempo necesario para explicar de buena manera su clase
59_8;2;0;2;se le comprenden los contenidos entregados en clases
60_8;2;0;1;la correccion de certamenes mas rapida
61_8;2;0;0;es amable y paciente
62_8;1;1;2;que la informacion entregada en ppt sea mas ordenada y completa
63_8;2;1;3;la unica sugerencia es que entregue las calificaciones de las evaluaciones en el periodo estimado en lo demas se desempeÃ±a de manera notable
64_8;1;0;2;mas clases practicas para hacerlo mas entretenido
65_8;1;0;2;excelente capacidad para captar la atencion de los estudiantes
66_8;1;1;1;muy buena motivacion y disposicion
67_8;2;1;2;un 7 de profesora! un gusto haber tenido clases con ella
68_8;1;1;2;preocupada con el aprendizaje y muy organizada
69_8;2;1;3;seria de mucha ayuda que realizara mas ayudantias en las evaluaciones practicas
70_8;2;1;1;no hubo continuidad en el ramo
71_8;2;1;1;la mejor profesora por lejos !
72_8;1;1;0;super tierna
73_8;2;1;0;muy bien!
74_8;2;1;2;plantea de forma efectiva los ejercicios para practicar
75_8;2;0;3;tiende a llevar la clase a donde el estima que es correspondiente y el contenido tiende a postergarlo
76_8;2;0;3;el profesor nunca asistio a impartir las clases me presente durante mas de 5 semanas pero nunca llego
77_8;2;0;2;deje de pasar materia que no entra en las evaluaciones
78_8;2;0;2;puntualidad en la entrega de evaluaciones
79_8;2;0;1;metedologia muy pedagogica
80_8;2;0;3;el repaso que hace sobre la clase anterior es muy extenso lo que no permite avanzar mucho. debiera hacer mas ejercicios practicos y que sean mas parecido a la realidad
81_8;2;1;3;ha sido una muy buena profesora. a veces teniendo algunas diferencias pero todo por mi propia mala base. es una lastima que no vayamos a terminar el aÃ±o con ella
82_8;1;0;1;no me gusto su metodo de enseÃ±anza
83_8;2;0;1;buen sistema de enseÃ±anza
84_8;2;0;1;las clases sean mas entretenidas
85_8;1;0;1;su clase no motiva a nada
86_8;2;1;2;es buena su forma de explicar el contenido
87_8;2;0;1;que hiciera mas ordenada las mallas
88_8;1;0;3;es un docente con mucha capacidad y muy inteligente pero esta lejos de ser un docente con tacto
89_8;2;0;1;mas preocupacion en el laboratorio
90_8;1;1;0;creativa
91_8;2;1;1;la mejor docente de esta universidad
92_8;2;1;0;buenaprofesional
93_8;1;1;0;extraÃ±a
94_8;1;0;2;falta mas constancia y comunicacion de parte del profesor
95_8;1;0;0;profe es muy bacan
96_8;2;1;1;explica de forma clara la materia pasada
97_8;2;0;2;se debe evaluar mas el aprendizaje y no un resultado
98_8;2;0;2;profesor que permite entender de buena manera su ramo
99_8;1;1;3;considero que su nivel de exigencia deberia ser mayor y aprovechar mas el contenido que se aborda en la asignatura
100_8;1;0;3;profesor dinamico y con gran conocimiento sobre la materia de epistemologia e investigacion
101_8;1;1;0;wena onda amor
102_8;2;1;1;buena profesora con mucha capacidad
103_8;2;1;1;en el ramo aprendi mucho
104_8;1;0;2;profe: deberia sonreir de vez en cuando sonrisa
105_8;2;1;3;la forma en la que explica las actividades y contenidos son muy claras y faciles de entender
106_8;2;0;3;su forma de enseÃ±arnos y la motivacion que demuestra al hacer las clases
107_8;1;1;2;necesita aprender nuevas formas de enseÃ±ar la materia
108_8;2;0;2;como sugerencia entregar las notas en su tiempo
109_8;1;0;0;ser menos egocentrico
110_8;2;1;0;its ok
111_8;2;0;2;mejorar la manera de enseÃ±ar hacia los estudiantes
112_8;1;1;2;profesora preocupada del aprendizaje de los alumnos
113_8;2;1;1;espero de corazon tenga un buen retiro
114_8;2;1;1;le falta mas dinamica a sus clases
115_8;1;0;0;es solo power point
116_8;1;0;2;requiere de ser mas cercano a los alumnos frente a las dudas
117_8;2;1;2;indica de forma clara los procedimientos de evaluacion
118_8;1;1;1;tenia todas las intenciones de enseÃ±ar
119_8;2;0;1;llamar la atencion de los estudiantes
120_8;1;0;0;bastante organizado
121_8;1;0;1;total dominio de lo que enseÃ±a
122_8;1;0;3;su participacion en la asignatura se baso en ser un jefe y facilitador de proyecto
123_8;1;0;3;es un buen profesor ya que muestra dominio del contenido y trata de explicar de forma que entendamos mejor
124_8;1;1;3;que respete la opinion de los estudiantes y sea tan llevada a sus ideas
125_8;2;0;2;profesor puede evitar que 2 certamenes sean en un mismo mes
126_8;1;0;1;excelente dominio de las pp
127_8;2;0;2;soy alumno intercambio no he cursado la asignatura
128_8;1;0;3;este profesor es un tema de conflicto en todos sus ramos. pasa la materia sumamente rapido
129_8;1;0;2;muestra un desempeÃ±o impecable en su asignatura
130_8;1;1;0;haga mejor sus clases
131_8;1;0;3;falta generar mas conexion con los alumnos y no vernos como un caso clinico
132_8;2;0;0;que se mejore
133_8;2;1;3;se nota que domina la materia que enseÃ±a deberia ser un poco mas accesible para tener uno la confianza de preguntar las dudas
134_8;1;0;2;maneja de manera excelente el contenido a enseÃ±ar
135_8;2;1;3;necesita mejorar los tiempos que tarda en subir las calificaciones a la plataforma
136_8;1;0;3;muy buen profesor con muchos conocimientos pero al momento de ser consultado o ir a su oficina no recibe a los alumnos de buena manera y entrega muy pocas soluciones
137_8;2;0;3;buen docente con gran disponibilidad para responder cualquier duda en relacion a los contenidos o la carrera
138_8;2;0;1;expresar los contenidos de mejor manera
139_8;1;1;1;muy buena disposicion a ayudar a alumnos
140_8;2;1;0;un 7 profe
141_8;2;0;1;sugiero comenzar las clases a la hora
142_8;2;0;2;ser mas puntual a la hora de la entrega de notas
143_8;1;0;0;como persona me agrada
144_8;2;0;3;explica la materia de manera clara y con ejemplos adecuados. buen profesor
145_8;2;1;2;una buena docente que se maneja en su area
146_8;1;1;2;las formas de evaluacion deben ser mas elaboradas
147_8;1;0;1;sus ppt son desordenados
148_8;2;0;2;explique la materia de una forma que la mayoria pueda entender
149_8;1;0;1;profe usted fue un crack
150_8;2;1;3;muy buenas sus clases lo unico que se puede decir es que eran muchas horas juntas
151_8;2;0;0;mas teoria
